orderid,Orderdate,shipdate,deliverydate,payment,customer_id,shipper_id
5000,01-03-2024,04-03-2024,08-03-2024,Net Banking,1,5
5001,23-02-2024,24-02-2024,03-03-2024,Credit card,2,3
5002,24-06-2023,26-06-2023,30-06-2023,Net Banking,3,4
5003,09-08-2023,14-08-2023,18-08-2023,Net Banking,4,3
5004,25-12-2023,28-12-2023,30-12-2023,Net Banking,5,5
5005,07-02-2024,09-02-2024,14-02-2024,COD,6,4
5006,12-12-2023,13-12-2023,27-12-2023,COD,7,3
5007,09-06-2023,12-06-2023,15-06-2023,COD,8,4
5008,03-05-2024,05-05-2024,11-05-2024,Debit card,9,5
5009,02-12-2023,07-12-2023,10-12-2023,COD,10,1
5010,08-08-2023,11-08-2023,21-08-2023,Net Banking,11,1
5011,07-01-2024,12-01-2024,22-01-2024,COD,12,1
5012,02-07-2023,04-07-2023,14-07-2023,Credit card,13,4
5013,02-01-2024,03-01-2024,12-01-2024,Credit card,14,2
5014,14-01-2024,17-01-2024,27-01-2024,Net Banking,15,3
5015,05-02-2024,10-02-2024,19-02-2024,Credit card,16,3
5016,21-03-2024,25-03-2024,27-03-2024,Debit card,17,1
5017,28-09-2023,30-09-2023,06-10-2023,COD,18,3
5018,27-01-2024,30-01-2024,05-02-2024,COD,19,1
5019,03-02-2024,07-02-2024,13-02-2024,Credit card,20,1
5020,04-02-2024,09-02-2024,11-02-2024,COD,21,1
5021,22-09-2023,26-09-2023,02-10-2023,Debit card,22,3
5022,18-04-2024,19-04-2024,27-04-2024,Credit card,23,3
5023,06-10-2023,11-10-2023,17-10-2023,Debit card,24,4
5024,02-06-2023,06-06-2023,07-06-2023,Debit card,25,3
5025,21-09-2023,25-09-2023,26-09-2023,COD,26,5
5026,17-08-2023,22-08-2023,29-08-2023,COD,27,3
5027,18-04-2024,19-04-2024,26-04-2024,Net Banking,28,1
5028,21-10-2023,22-10-2023,02-11-2023,Credit card,29,4
5029,10-06-2023,14-06-2023,18-06-2023,COD,30,2
5030,23-09-2023,25-09-2023,30-09-2023,Net Banking,31,3
5031,07-06-2023,09-06-2023,12-06-2023,COD,32,2
5032,05-04-2024,07-04-2024,16-04-2024,Debit card,33,3
5033,31-08-2023,04-09-2023,06-09-2023,Net Banking,34,3
5034,04-06-2023,06-06-2023,12-06-2023,Credit card,35,1
5035,26-08-2023,29-08-2023,09-09-2023,Credit card,36,1
5036,04-08-2023,07-08-2023,19-08-2023,Credit card,37,4
5037,10-04-2024,13-04-2024,18-04-2024,COD,38,1
5038,07-02-2024,09-02-2024,16-02-2024,Credit card,39,2
5039,05-11-2023,07-11-2023,11-11-2023,Debit card,40,2
5040,30-04-2024,01-05-2024,06-05-2024,Credit card,41,3
5041,03-01-2024,06-01-2024,17-01-2024,Net Banking,42,4
5042,17-10-2023,21-10-2023,28-10-2023,Net Banking,43,4
5043,20-09-2023,25-09-2023,28-09-2023,COD,44,5
5044,09-08-2023,10-08-2023,14-08-2023,COD,45,2
5045,17-10-2023,22-10-2023,31-10-2023,Net Banking,46,5
5046,24-11-2023,25-11-2023,29-11-2023,Net Banking,47,4
5047,13-08-2023,14-08-2023,22-08-2023,COD,48,5
5048,14-05-2024,16-05-2024,19-05-2024,Debit card,49,4
5049,28-12-2023,02-01-2024,12-01-2024,Debit card,50,4
5050,24-12-2023,26-12-2023,08-01-2024,Net Banking,51,5
5051,25-07-2023,28-07-2023,04-08-2023,Credit card,52,2
5052,02-08-2023,07-08-2023,09-08-2023,Credit card,53,1
5053,09-06-2023,11-06-2023,16-06-2023,COD,54,3
5054,21-02-2024,22-02-2024,06-03-2024,Credit card,55,2
5055,14-10-2023,15-10-2023,29-10-2023,Net Banking,56,1
5056,27-04-2024,01-05-2024,09-05-2024,Debit card,57,5
5057,09-10-2023,12-10-2023,18-10-2023,Credit card,58,2
5058,21-12-2023,26-12-2023,01-01-2024,Net Banking,59,3
5059,07-09-2023,12-09-2023,13-09-2023,COD,60,5
5060,04-12-2023,07-12-2023,09-12-2023,Debit card,61,3
5061,10-08-2023,14-08-2023,18-08-2023,Credit card,62,1
5062,25-08-2023,29-08-2023,31-08-2023,COD,63,1
5063,02-04-2024,04-04-2024,15-04-2024,Net Banking,64,2
5064,17-03-2024,22-03-2024,31-03-2024,Debit card,65,5
5065,18-11-2023,21-11-2023,23-11-2023,Credit card,66,1
5066,03-03-2024,08-03-2024,11-03-2024,COD,67,3
5067,13-12-2023,15-12-2023,25-12-2023,Debit card,68,2
5068,05-06-2023,10-06-2023,12-06-2023,COD,69,5
5069,07-03-2024,10-03-2024,17-03-2024,Credit card,70,4
5070,31-01-2024,04-02-2024,08-02-2024,Debit card,71,4
5071,09-04-2024,13-04-2024,22-04-2024,Credit card,72,5
5072,27-08-2023,28-08-2023,06-09-2023,Debit card,73,5
5073,07-12-2023,09-12-2023,21-12-2023,Net Banking,74,5
5074,19-01-2024,20-01-2024,29-01-2024,Net Banking,75,3
5075,05-07-2023,06-07-2023,14-07-2023,Credit card,76,3
5076,21-10-2023,26-10-2023,04-11-2023,Net Banking,77,1
5077,20-02-2024,21-02-2024,02-03-2024,COD,78,4
5078,30-07-2023,02-08-2023,12-08-2023,COD,79,3
5079,25-01-2024,26-01-2024,06-02-2024,Credit card,80,4
5080,09-06-2023,12-06-2023,16-06-2023,Credit card,81,2
5081,10-12-2023,14-12-2023,24-12-2023,Credit card,82,2
5082,27-01-2024,28-01-2024,09-02-2024,Credit card,83,4
5083,13-01-2024,14-01-2024,18-01-2024,COD,84,2
5084,28-05-2023,31-05-2023,02-06-2023,Debit card,85,3
5085,15-11-2023,18-11-2023,29-11-2023,Net Banking,86,3
5086,04-02-2024,06-02-2024,17-02-2024,Debit card,87,5
5087,06-02-2024,07-02-2024,19-02-2024,Debit card,88,2
5088,26-02-2024,28-02-2024,09-03-2024,COD,89,1
5089,12-03-2024,17-03-2024,27-03-2024,Credit card,90,1
5090,05-04-2024,06-04-2024,15-04-2024,Credit card,91,3
5091,28-03-2024,02-04-2024,05-04-2024,Debit card,92,4
5092,22-06-2023,23-06-2023,27-06-2023,COD,93,3
5093,28-10-2023,02-11-2023,03-11-2023,Net Banking,94,5
5094,24-01-2024,29-01-2024,08-02-2024,Debit card,95,4
5095,18-08-2023,23-08-2023,24-08-2023,Credit card,96,3
5096,18-07-2023,19-07-2023,27-07-2023,Debit card,97,2
5097,08-08-2023,11-08-2023,21-08-2023,Net Banking,98,3
5098,19-06-2023,24-06-2023,26-06-2023,Debit card,99,2
5099,28-06-2023,01-07-2023,03-07-2023,COD,100,4
5100,13-10-2023,18-10-2023,20-10-2023,Credit card,101,2
5101,28-10-2023,29-10-2023,07-11-2023,COD,102,3
5102,18-07-2023,19-07-2023,30-07-2023,Credit card,103,2
5103,02-11-2023,06-11-2023,07-11-2023,Net Banking,104,2
5104,17-10-2023,18-10-2023,30-10-2023,Net Banking,105,4
5105,27-04-2024,28-04-2024,10-05-2024,Debit card,106,4
5106,15-04-2024,18-04-2024,23-04-2024,Credit card,107,3
5107,25-05-2023,26-05-2023,02-06-2023,Credit card,108,1
5108,25-02-2024,26-02-2024,02-03-2024,Credit card,109,1
5109,20-04-2024,22-04-2024,03-05-2024,COD,110,3
5110,06-11-2023,10-11-2023,13-11-2023,Debit card,111,1
5111,03-11-2023,05-11-2023,11-11-2023,Credit card,112,2
5112,20-03-2024,21-03-2024,30-03-2024,Net Banking,113,2
5113,19-07-2023,23-07-2023,28-07-2023,Net Banking,114,4
5114,18-11-2023,21-11-2023,23-11-2023,COD,115,3
5115,26-03-2024,31-03-2024,04-04-2024,Net Banking,116,1
5116,04-08-2023,08-08-2023,14-08-2023,Credit card,117,1
5117,27-09-2023,28-09-2023,08-10-2023,Credit card,118,1
5118,29-01-2024,02-02-2024,06-02-2024,Net Banking,119,4
5119,06-03-2024,08-03-2024,17-03-2024,Net Banking,120,5
5120,07-06-2023,10-06-2023,12-06-2023,Debit card,121,4
5121,10-05-2024,13-05-2024,16-05-2024,Credit card,122,3
5122,04-04-2024,08-04-2024,10-04-2024,COD,123,4
5123,19-02-2024,21-02-2024,29-02-2024,Debit card,124,5
5124,13-03-2024,14-03-2024,23-03-2024,Net Banking,125,5
5125,30-03-2024,31-03-2024,07-04-2024,Credit card,126,2
5126,05-12-2023,07-12-2023,20-12-2023,Debit card,127,2
5127,25-08-2023,28-08-2023,03-09-2023,Credit card,128,5
5128,21-10-2023,22-10-2023,30-10-2023,Credit card,129,3
5129,19-01-2024,24-01-2024,31-01-2024,Credit card,130,2
5130,03-11-2023,07-11-2023,14-11-2023,Net Banking,131,2
5131,08-07-2023,10-07-2023,19-07-2023,Net Banking,132,5
5132,18-03-2024,22-03-2024,01-04-2024,COD,133,1
5133,28-09-2023,30-09-2023,07-10-2023,Debit card,134,2
5134,27-03-2024,29-03-2024,02-04-2024,Debit card,135,3
5135,28-03-2024,29-03-2024,10-04-2024,Net Banking,136,5
5136,11-05-2024,13-05-2024,25-05-2024,Debit card,137,2
5137,30-09-2023,01-10-2023,08-10-2023,Debit card,138,2
5138,29-10-2023,01-11-2023,13-11-2023,Credit card,139,3
5139,01-06-2023,03-06-2023,09-06-2023,Net Banking,140,3
5140,18-08-2023,22-08-2023,25-08-2023,Debit card,141,2
5141,17-05-2024,19-05-2024,29-05-2024,Credit card,142,5
5142,01-01-2024,06-01-2024,10-01-2024,Debit card,143,4
5143,10-10-2023,15-10-2023,22-10-2023,Debit card,144,4
5144,22-08-2023,27-08-2023,03-09-2023,Debit card,145,5
5145,20-11-2023,23-11-2023,04-12-2023,Net Banking,146,4
5146,09-02-2024,10-02-2024,22-02-2024,Debit card,147,4
5147,16-01-2024,20-01-2024,22-01-2024,Net Banking,148,5
5148,25-12-2023,28-12-2023,09-01-2024,Net Banking,149,2
5149,08-06-2023,09-06-2023,15-06-2023,Net Banking,150,1
5150,10-05-2024,15-05-2024,19-05-2024,Net Banking,151,2
5151,06-01-2024,08-01-2024,14-01-2024,Credit card,152,1
5152,20-01-2024,25-01-2024,26-01-2024,Net Banking,153,3
5153,04-05-2024,08-05-2024,12-05-2024,Credit card,154,1
5154,27-01-2024,30-01-2024,09-02-2024,Debit card,155,1
5155,16-05-2024,18-05-2024,23-05-2024,Debit card,156,2
5156,23-06-2023,24-06-2023,28-06-2023,Debit card,157,4
5157,18-01-2024,22-01-2024,01-02-2024,Credit card,158,3
5158,18-08-2023,21-08-2023,01-09-2023,COD,159,1
5159,07-03-2024,09-03-2024,16-03-2024,COD,160,3
5160,07-10-2023,11-10-2023,17-10-2023,COD,161,3
5161,25-06-2023,29-06-2023,09-07-2023,COD,162,2
5162,18-03-2024,21-03-2024,26-03-2024,Debit card,163,3
5163,30-12-2023,03-01-2024,05-01-2024,Net Banking,164,5
5164,03-04-2024,08-04-2024,17-04-2024,COD,165,4
5165,15-03-2024,20-03-2024,24-03-2024,COD,166,3
5166,29-05-2023,01-06-2023,10-06-2023,Debit card,167,2
5167,22-06-2023,25-06-2023,02-07-2023,Net Banking,168,2
5168,20-03-2024,22-03-2024,28-03-2024,Net Banking,169,5
5169,31-05-2023,05-06-2023,14-06-2023,Net Banking,170,3
5170,15-10-2023,20-10-2023,24-10-2023,Debit card,171,4
5171,23-02-2024,25-02-2024,04-03-2024,Net Banking,172,1
5172,12-03-2024,15-03-2024,17-03-2024,COD,173,3
5173,21-04-2024,25-04-2024,03-05-2024,Net Banking,174,2
5174,01-06-2023,03-06-2023,08-06-2023,COD,175,1
5175,29-07-2023,03-08-2023,13-08-2023,COD,176,3
5176,24-03-2024,29-03-2024,07-04-2024,COD,177,5
5177,10-03-2024,13-03-2024,16-03-2024,Debit card,178,1
5178,24-11-2023,25-11-2023,03-12-2023,Credit card,179,2
5179,09-09-2023,13-09-2023,19-09-2023,COD,180,3
5180,08-03-2024,11-03-2024,21-03-2024,Debit card,181,4
5181,29-06-2023,02-07-2023,08-07-2023,Credit card,182,1
5182,01-06-2023,05-06-2023,11-06-2023,Credit card,183,2
5183,09-10-2023,10-10-2023,22-10-2023,Debit card,184,1
5184,03-04-2024,08-04-2024,11-04-2024,Debit card,185,4
5185,23-09-2023,25-09-2023,28-09-2023,Debit card,186,3
5186,08-02-2024,10-02-2024,21-02-2024,Credit card,187,4
5187,28-07-2023,29-07-2023,04-08-2023,Credit card,188,3
5188,22-07-2023,26-07-2023,04-08-2023,Net Banking,189,5
5189,15-11-2023,19-11-2023,29-11-2023,Net Banking,190,2
5190,09-10-2023,14-10-2023,22-10-2023,Debit card,191,4
5191,15-10-2023,19-10-2023,26-10-2023,Net Banking,192,1
5192,15-09-2023,20-09-2023,25-09-2023,Credit card,193,1
5193,17-10-2023,21-10-2023,29-10-2023,Debit card,194,2
5194,03-06-2023,08-06-2023,11-06-2023,COD,195,2
5195,25-06-2023,26-06-2023,06-07-2023,COD,196,5
5196,15-10-2023,18-10-2023,22-10-2023,Credit card,197,4
5197,16-07-2023,17-07-2023,22-07-2023,Net Banking,198,4
5198,12-02-2024,15-02-2024,21-02-2024,Credit card,199,3
5199,05-04-2024,09-04-2024,13-04-2024,Net Banking,200,1
5200,28-11-2023,02-12-2023,05-12-2023,Debit card,201,3
5201,07-08-2023,09-08-2023,12-08-2023,Debit card,202,4
5202,22-06-2023,23-06-2023,02-07-2023,Credit card,203,5
5203,12-12-2023,16-12-2023,26-12-2023,Credit card,204,5
5204,25-12-2023,29-12-2023,05-01-2024,COD,205,1
5205,04-06-2023,07-06-2023,10-06-2023,Debit card,206,4
5206,15-05-2024,17-05-2024,27-05-2024,Net Banking,207,2
5207,10-06-2023,14-06-2023,18-06-2023,Debit card,208,3
5208,26-08-2023,30-08-2023,04-09-2023,Credit card,209,2
5209,19-11-2023,22-11-2023,26-11-2023,Debit card,210,1
5210,21-06-2023,23-06-2023,03-07-2023,Net Banking,211,2
5211,26-01-2024,30-01-2024,03-02-2024,Debit card,212,2
5212,14-01-2024,17-01-2024,21-01-2024,COD,213,3
5213,08-04-2024,10-04-2024,20-04-2024,Net Banking,214,1
5214,25-10-2023,27-10-2023,04-11-2023,Credit card,215,2
5215,12-10-2023,17-10-2023,27-10-2023,Net Banking,216,4
5216,04-04-2024,09-04-2024,18-04-2024,Debit card,217,2
5217,03-07-2023,07-07-2023,15-07-2023,Net Banking,218,4
5218,18-11-2023,21-11-2023,27-11-2023,Credit card,219,5
5219,23-12-2023,24-12-2023,31-12-2023,Credit card,220,4
5220,30-12-2023,01-01-2024,08-01-2024,Net Banking,221,2
5221,07-10-2023,08-10-2023,15-10-2023,COD,222,3
5222,15-03-2024,20-03-2024,26-03-2024,Debit card,223,1
5223,23-07-2023,28-07-2023,05-08-2023,Credit card,224,5
5224,29-08-2023,01-09-2023,04-09-2023,Debit card,225,5
5225,07-07-2023,12-07-2023,16-07-2023,Net Banking,226,1
5226,02-06-2023,04-06-2023,08-06-2023,Debit card,227,4
5227,22-06-2023,27-06-2023,04-07-2023,Credit card,228,3
5228,21-12-2023,26-12-2023,31-12-2023,Net Banking,229,2
5229,03-08-2023,04-08-2023,13-08-2023,COD,230,3
5230,18-09-2023,19-09-2023,25-09-2023,COD,231,2
5231,11-02-2024,14-02-2024,18-02-2024,COD,232,3
5232,11-12-2023,13-12-2023,16-12-2023,Credit card,233,5
5233,02-03-2024,06-03-2024,10-03-2024,Debit card,234,4
5234,02-10-2023,04-10-2023,14-10-2023,Net Banking,235,3
5235,13-11-2023,16-11-2023,20-11-2023,Credit card,236,2
5236,09-06-2023,13-06-2023,24-06-2023,Credit card,237,4
5237,05-05-2024,08-05-2024,18-05-2024,Debit card,238,1
5238,14-10-2023,18-10-2023,24-10-2023,COD,239,4
5239,03-09-2023,07-09-2023,13-09-2023,Credit card,240,1
5240,08-04-2024,12-04-2024,22-04-2024,COD,241,3
5241,25-11-2023,29-11-2023,03-12-2023,COD,242,4
5242,25-05-2023,28-05-2023,07-06-2023,Net Banking,243,4
5243,04-08-2023,08-08-2023,16-08-2023,Debit card,244,4
5244,26-06-2023,27-06-2023,06-07-2023,Net Banking,245,4
5245,22-03-2024,25-03-2024,30-03-2024,COD,246,5
5246,30-05-2023,01-06-2023,14-06-2023,Credit card,247,4
5247,25-06-2023,29-06-2023,09-07-2023,Net Banking,248,3
5248,09-07-2023,12-07-2023,16-07-2023,Net Banking,249,3
5249,15-06-2023,16-06-2023,22-06-2023,Debit card,250,5
5250,23-08-2023,24-08-2023,03-09-2023,Debit card,251,4
5251,24-10-2023,29-10-2023,30-10-2023,Net Banking,252,4
5252,10-11-2023,13-11-2023,15-11-2023,Credit card,253,3
5253,09-07-2023,13-07-2023,15-07-2023,COD,254,1
5254,30-11-2023,04-12-2023,11-12-2023,Debit card,255,2
5255,09-08-2023,12-08-2023,21-08-2023,Net Banking,256,5
5256,27-07-2023,30-07-2023,11-08-2023,Net Banking,257,4
5257,24-12-2023,27-12-2023,06-01-2024,Debit card,258,1
5258,11-09-2023,14-09-2023,24-09-2023,Net Banking,259,4
5259,01-11-2023,03-11-2023,11-11-2023,Debit card,260,2
5260,12-07-2023,14-07-2023,27-07-2023,Net Banking,261,2
5261,04-11-2023,09-11-2023,11-11-2023,Credit card,262,2
5262,13-11-2023,17-11-2023,25-11-2023,COD,263,4
5263,19-11-2023,20-11-2023,28-11-2023,COD,264,4
5264,24-05-2023,29-05-2023,04-06-2023,Debit card,265,2
5265,05-07-2023,07-07-2023,17-07-2023,Net Banking,266,4
5266,15-11-2023,17-11-2023,30-11-2023,COD,267,1
5267,26-10-2023,31-10-2023,01-11-2023,COD,268,2
5268,06-10-2023,11-10-2023,15-10-2023,Credit card,269,5
5269,28-06-2023,29-06-2023,11-07-2023,Net Banking,270,5
5270,29-04-2024,02-05-2024,05-05-2024,Net Banking,271,1
5271,23-12-2023,27-12-2023,01-01-2024,Net Banking,272,3
5272,25-01-2024,26-01-2024,31-01-2024,Debit card,273,1
5273,23-02-2024,28-02-2024,09-03-2024,Net Banking,274,2
5274,03-04-2024,05-04-2024,12-04-2024,Credit card,275,5
5275,23-01-2024,24-01-2024,03-02-2024,COD,276,1
5276,17-06-2023,18-06-2023,25-06-2023,COD,277,1
5277,04-03-2024,07-03-2024,09-03-2024,Credit card,278,2
5278,27-02-2024,29-02-2024,07-03-2024,COD,279,4
5279,21-03-2024,25-03-2024,27-03-2024,Debit card,280,2
5280,15-05-2024,18-05-2024,23-05-2024,Debit card,281,1
5281,22-04-2024,27-04-2024,28-04-2024,Debit card,282,5
5282,28-07-2023,29-07-2023,07-08-2023,Credit card,283,3
5283,18-10-2023,22-10-2023,24-10-2023,Debit card,284,3
5284,30-04-2024,01-05-2024,07-05-2024,Debit card,285,1
5285,20-08-2023,22-08-2023,25-08-2023,Credit card,286,2
5286,13-01-2024,15-01-2024,18-01-2024,Debit card,287,1
5287,19-04-2024,24-04-2024,04-05-2024,Credit card,288,4
5288,20-06-2023,21-06-2023,30-06-2023,Credit card,289,1
5289,03-12-2023,05-12-2023,16-12-2023,Debit card,290,3
5290,01-07-2023,04-07-2023,10-07-2023,Net Banking,291,3
5291,28-12-2023,01-01-2024,11-01-2024,Credit card,292,2
5292,06-11-2023,09-11-2023,18-11-2023,COD,293,1
5293,15-04-2024,16-04-2024,22-04-2024,Debit card,294,3
5294,15-06-2023,18-06-2023,21-06-2023,Net Banking,295,1
5295,09-05-2024,14-05-2024,17-05-2024,Net Banking,296,4
5296,29-08-2023,31-08-2023,06-09-2023,Debit card,297,4
5297,12-06-2023,14-06-2023,18-06-2023,COD,298,4
5298,09-06-2023,14-06-2023,16-06-2023,Credit card,299,2
5299,18-10-2023,21-10-2023,30-10-2023,Net Banking,300,5
5300,21-11-2023,24-11-2023,29-11-2023,Credit card,301,4
5301,17-04-2024,19-04-2024,25-04-2024,Credit card,302,1
5302,22-06-2023,24-06-2023,28-06-2023,COD,303,3
5303,06-07-2023,10-07-2023,12-07-2023,Net Banking,304,5
5304,18-08-2023,23-08-2023,23-08-2023,Credit card,305,4
5305,04-03-2024,06-03-2024,17-03-2024,Debit card,306,1
5306,28-07-2023,30-07-2023,05-08-2023,Credit card,307,1
5307,22-01-2024,23-01-2024,05-02-2024,Credit card,308,3
5308,30-08-2023,04-09-2023,14-09-2023,Credit card,309,4
5309,05-05-2024,09-05-2024,20-05-2024,Debit card,310,5
5310,15-01-2024,17-01-2024,24-01-2024,Net Banking,311,1
5311,10-10-2023,15-10-2023,18-10-2023,Credit card,312,3
5312,13-04-2024,17-04-2024,21-04-2024,COD,313,2
5313,17-07-2023,22-07-2023,27-07-2023,Net Banking,314,4
5314,24-04-2024,25-04-2024,04-05-2024,COD,315,2
5315,05-09-2023,09-09-2023,20-09-2023,Net Banking,316,3
5316,03-11-2023,06-11-2023,12-11-2023,Net Banking,317,2
5317,16-02-2024,18-02-2024,29-02-2024,COD,318,4
5318,13-09-2023,16-09-2023,20-09-2023,Net Banking,319,1
5319,20-07-2023,24-07-2023,25-07-2023,Credit card,320,4
5320,02-06-2023,07-06-2023,13-06-2023,Debit card,321,3
5321,04-09-2023,09-09-2023,15-09-2023,COD,322,1
5322,06-12-2023,07-12-2023,18-12-2023,COD,323,1
5323,05-09-2023,08-09-2023,11-09-2023,COD,324,4
5324,01-12-2023,02-12-2023,10-12-2023,COD,325,5
5325,13-11-2023,16-11-2023,22-11-2023,Credit card,326,3
5326,08-01-2024,09-01-2024,18-01-2024,COD,327,4
5327,04-11-2023,07-11-2023,16-11-2023,COD,328,5
5328,20-01-2024,25-01-2024,01-02-2024,Credit card,329,3
5329,15-11-2023,18-11-2023,26-11-2023,Net Banking,330,3
5330,19-08-2023,23-08-2023,31-08-2023,Credit card,331,5
5331,03-03-2024,06-03-2024,11-03-2024,Net Banking,332,3
5332,02-03-2024,03-03-2024,08-03-2024,Net Banking,333,1
5333,11-07-2023,12-07-2023,24-07-2023,Credit card,334,5
5334,04-05-2024,07-05-2024,19-05-2024,Net Banking,335,5
5335,10-06-2023,15-06-2023,22-06-2023,Net Banking,336,3
5336,18-08-2023,20-08-2023,30-08-2023,COD,337,3
5337,10-06-2023,12-06-2023,18-06-2023,Net Banking,338,3
5338,06-11-2023,07-11-2023,12-11-2023,Debit card,339,5
5339,03-09-2023,05-09-2023,08-09-2023,COD,340,2
5340,21-01-2024,24-01-2024,28-01-2024,Debit card,341,5
5341,04-04-2024,08-04-2024,09-04-2024,Debit card,342,1
5342,28-03-2024,02-04-2024,09-04-2024,Debit card,343,5
5343,03-09-2023,06-09-2023,18-09-2023,Net Banking,344,2
5344,24-12-2023,26-12-2023,31-12-2023,COD,345,1
5345,23-08-2023,26-08-2023,03-09-2023,COD,346,3
5346,11-10-2023,15-10-2023,18-10-2023,COD,347,1
5347,01-12-2023,04-12-2023,15-12-2023,Net Banking,348,4
5348,12-08-2023,17-08-2023,27-08-2023,Net Banking,349,5
5349,23-07-2023,27-07-2023,31-07-2023,COD,350,3
5350,29-07-2023,01-08-2023,09-08-2023,COD,351,4
5351,30-10-2023,03-11-2023,06-11-2023,Net Banking,352,1
5352,04-11-2023,06-11-2023,12-11-2023,Debit card,353,4
5353,26-04-2024,29-04-2024,01-05-2024,Credit card,354,3
5354,23-07-2023,28-07-2023,03-08-2023,Net Banking,355,4
5355,19-04-2024,21-04-2024,28-04-2024,Credit card,356,3
5356,30-10-2023,03-11-2023,11-11-2023,Net Banking,357,2
5357,22-08-2023,23-08-2023,02-09-2023,Credit card,358,5
5358,23-11-2023,25-11-2023,03-12-2023,Net Banking,359,5
5359,19-05-2023,23-05-2023,31-05-2023,Debit card,360,3
5360,18-03-2024,22-03-2024,01-04-2024,COD,361,3
5361,03-07-2023,07-07-2023,14-07-2023,COD,362,2
5362,20-07-2023,21-07-2023,03-08-2023,Credit card,363,2
5363,15-08-2023,17-08-2023,28-08-2023,Credit card,364,3
5364,11-05-2024,16-05-2024,24-05-2024,Debit card,365,1
5365,10-10-2023,11-10-2023,24-10-2023,Credit card,366,5
5366,19-04-2024,22-04-2024,03-05-2024,Debit card,367,2
5367,28-02-2024,03-03-2024,07-03-2024,Net Banking,368,2
5368,22-09-2023,23-09-2023,05-10-2023,Debit card,369,2
5369,06-03-2024,10-03-2024,18-03-2024,Net Banking,370,5
5370,07-10-2023,10-10-2023,21-10-2023,COD,371,2
5371,20-09-2023,21-09-2023,05-10-2023,COD,372,5
5372,14-05-2024,19-05-2024,21-05-2024,Debit card,373,3
5373,13-12-2023,16-12-2023,25-12-2023,Debit card,374,2
5374,19-07-2023,23-07-2023,25-07-2023,Net Banking,375,4
5375,26-09-2023,30-09-2023,04-10-2023,Debit card,376,2
5376,14-03-2024,19-03-2024,25-03-2024,Credit card,377,3
5377,05-05-2024,08-05-2024,17-05-2024,COD,378,1
5378,26-05-2023,31-05-2023,03-06-2023,Net Banking,379,2
5379,23-02-2024,28-02-2024,04-03-2024,Net Banking,380,4
5380,12-01-2024,15-01-2024,26-01-2024,Credit card,381,2
5381,20-04-2024,24-04-2024,03-05-2024,COD,382,1
5382,29-05-2023,02-06-2023,08-06-2023,Credit card,383,2
5383,25-05-2023,26-05-2023,02-06-2023,Debit card,384,1
5384,20-12-2023,24-12-2023,26-12-2023,Net Banking,385,2
5385,19-08-2023,24-08-2023,31-08-2023,Net Banking,386,5
5386,16-04-2024,19-04-2024,27-04-2024,Debit card,387,3
5387,26-09-2023,28-09-2023,11-10-2023,COD,388,2
5388,20-08-2023,23-08-2023,29-08-2023,Credit card,389,5
5389,09-11-2023,12-11-2023,23-11-2023,Credit card,390,3
5390,29-12-2023,03-01-2024,13-01-2024,COD,391,4
5391,07-11-2023,12-11-2023,20-11-2023,Debit card,392,5
5392,02-06-2023,04-06-2023,09-06-2023,Debit card,393,1
5393,02-04-2024,06-04-2024,12-04-2024,Credit card,394,4
5394,28-07-2023,31-07-2023,12-08-2023,COD,395,5
5395,19-05-2023,21-05-2023,24-05-2023,COD,396,3
5396,02-11-2023,03-11-2023,14-11-2023,Net Banking,397,1
5397,15-08-2023,16-08-2023,23-08-2023,Credit card,398,2
5398,19-03-2024,21-03-2024,27-03-2024,Debit card,399,4
5399,22-04-2024,27-04-2024,06-05-2024,Net Banking,400,1
5400,04-05-2024,05-05-2024,10-05-2024,Debit card,401,2
5401,03-01-2024,07-01-2024,16-01-2024,Debit card,402,1
5402,06-08-2023,08-08-2023,12-08-2023,Net Banking,403,5
5403,04-09-2023,09-09-2023,13-09-2023,Debit card,404,4
5404,18-09-2023,19-09-2023,26-09-2023,Debit card,405,1
5405,21-06-2023,26-06-2023,27-06-2023,COD,406,2
5406,04-12-2023,09-12-2023,12-12-2023,COD,407,1
5407,28-01-2024,31-01-2024,04-02-2024,Debit card,408,1
5408,15-12-2023,19-12-2023,28-12-2023,Debit card,409,3
5409,27-04-2024,01-05-2024,10-05-2024,COD,410,3
5410,19-04-2024,22-04-2024,29-04-2024,Debit card,411,1
5411,30-03-2024,02-04-2024,06-04-2024,COD,412,3
5412,18-03-2024,20-03-2024,23-03-2024,Net Banking,413,2
5413,24-07-2023,29-07-2023,08-08-2023,Credit card,414,1
5414,23-01-2024,28-01-2024,07-02-2024,Debit card,415,4
5415,03-05-2024,05-05-2024,15-05-2024,COD,416,1
5416,21-04-2024,22-04-2024,02-05-2024,Net Banking,417,4
5417,27-10-2023,29-10-2023,05-11-2023,Debit card,418,2
5418,14-12-2023,17-12-2023,19-12-2023,Debit card,419,2
5419,21-10-2023,25-10-2023,01-11-2023,Net Banking,420,4
5420,21-04-2024,25-04-2024,29-04-2024,COD,421,2
5421,30-01-2024,31-01-2024,06-02-2024,COD,422,4
5422,28-06-2023,03-07-2023,05-07-2023,COD,423,1
5423,16-07-2023,21-07-2023,27-07-2023,Debit card,424,3
5424,25-05-2023,30-05-2023,04-06-2023,Debit card,425,4
5425,14-09-2023,15-09-2023,25-09-2023,Debit card,426,2
5426,27-10-2023,31-10-2023,10-11-2023,Net Banking,427,2
5427,19-10-2023,24-10-2023,24-10-2023,COD,428,3
5428,18-07-2023,19-07-2023,02-08-2023,Debit card,429,3
5429,07-09-2023,11-09-2023,12-09-2023,Debit card,430,2
5430,25-10-2023,30-10-2023,03-11-2023,COD,431,5
5431,11-06-2023,16-06-2023,19-06-2023,Net Banking,432,2
5432,08-05-2024,13-05-2024,14-05-2024,Net Banking,433,1
5433,13-09-2023,18-09-2023,27-09-2023,Debit card,434,5
5434,21-09-2023,24-09-2023,06-10-2023,Net Banking,435,2
5435,10-12-2023,12-12-2023,17-12-2023,Net Banking,436,1
5436,25-06-2023,29-06-2023,01-07-2023,Debit card,437,1
5437,28-07-2023,29-07-2023,04-08-2023,Net Banking,438,5
5438,05-03-2024,10-03-2024,10-03-2024,COD,439,4
5439,19-09-2023,24-09-2023,02-10-2023,Net Banking,440,4
5440,08-01-2024,12-01-2024,17-01-2024,COD,441,3
5441,15-08-2023,16-08-2023,20-08-2023,Net Banking,442,1
5442,20-01-2024,24-01-2024,28-01-2024,Net Banking,443,5
5443,28-03-2024,29-03-2024,08-04-2024,Net Banking,444,2
5444,14-01-2024,16-01-2024,19-01-2024,Debit card,445,3
5445,08-01-2024,13-01-2024,15-01-2024,Debit card,446,5
5446,16-03-2024,18-03-2024,28-03-2024,Credit card,447,1
5447,05-04-2024,08-04-2024,18-04-2024,Credit card,448,3
5448,30-07-2023,03-08-2023,14-08-2023,Credit card,449,2
5449,17-02-2024,18-02-2024,28-02-2024,Net Banking,450,2
5450,12-11-2023,14-11-2023,23-11-2023,Debit card,451,5
5451,10-04-2024,11-04-2024,17-04-2024,Debit card,452,3
5452,29-03-2024,30-03-2024,05-04-2024,COD,453,2
5453,08-01-2024,10-01-2024,18-01-2024,Credit card,454,5
5454,14-08-2023,18-08-2023,29-08-2023,Net Banking,455,1
5455,13-11-2023,15-11-2023,25-11-2023,Net Banking,456,1
5456,16-05-2024,17-05-2024,27-05-2024,Debit card,457,2
5457,01-05-2024,05-05-2024,13-05-2024,Debit card,458,2
5458,19-09-2023,23-09-2023,26-09-2023,Net Banking,459,1
5459,16-06-2023,17-06-2023,21-06-2023,Net Banking,460,1
5460,31-07-2023,04-08-2023,15-08-2023,Credit card,461,1
5461,01-04-2024,06-04-2024,08-04-2024,Debit card,462,1
5462,18-09-2023,23-09-2023,30-09-2023,COD,463,1
5463,06-02-2024,07-02-2024,16-02-2024,Net Banking,464,4
5464,18-12-2023,23-12-2023,29-12-2023,COD,465,5
5465,17-12-2023,18-12-2023,31-12-2023,Credit card,466,1
5466,10-03-2024,12-03-2024,20-03-2024,Debit card,467,2
5467,20-05-2023,23-05-2023,01-06-2023,Credit card,468,2
5468,18-12-2023,22-12-2023,27-12-2023,Debit card,469,2
5469,22-05-2023,26-05-2023,03-06-2023,COD,470,1
5470,08-01-2024,12-01-2024,17-01-2024,Debit card,471,3
5471,25-06-2023,28-06-2023,30-06-2023,Credit card,472,1
5472,03-05-2024,04-05-2024,15-05-2024,Debit card,473,3
5473,29-06-2023,04-07-2023,09-07-2023,COD,474,1
5474,02-07-2023,06-07-2023,15-07-2023,Net Banking,475,1
5475,13-10-2023,16-10-2023,26-10-2023,Debit card,476,2
5476,08-12-2023,09-12-2023,23-12-2023,Debit card,477,1
5477,12-12-2023,15-12-2023,19-12-2023,Credit card,478,1
5478,11-10-2023,13-10-2023,24-10-2023,Credit card,479,5
5479,04-04-2024,09-04-2024,12-04-2024,Debit card,480,4
5480,29-07-2023,03-08-2023,12-08-2023,Net Banking,481,2
5481,20-10-2023,22-10-2023,26-10-2023,Credit card,482,3
5482,08-12-2023,13-12-2023,21-12-2023,Credit card,483,3
5483,15-12-2023,17-12-2023,25-12-2023,Net Banking,484,2
5484,03-05-2024,06-05-2024,11-05-2024,COD,485,2
5485,25-12-2023,30-12-2023,07-01-2024,COD,486,2
5486,15-12-2023,19-12-2023,23-12-2023,Debit card,487,5
5487,06-04-2024,08-04-2024,12-04-2024,COD,488,4
5488,28-09-2023,29-09-2023,12-10-2023,Debit card,489,2
5489,19-06-2023,22-06-2023,27-06-2023,Credit card,490,1
5490,14-03-2024,16-03-2024,28-03-2024,COD,491,4
5491,01-03-2024,03-03-2024,12-03-2024,COD,492,3
5492,25-10-2023,30-10-2023,30-10-2023,Credit card,493,5
5493,21-04-2024,26-04-2024,26-04-2024,Debit card,494,4
5494,29-04-2024,30-04-2024,12-05-2024,Debit card,495,2
5495,09-10-2023,10-10-2023,15-10-2023,Debit card,496,3
5496,28-04-2024,29-04-2024,07-05-2024,Credit card,497,2
5497,15-12-2023,17-12-2023,28-12-2023,COD,498,1
5498,25-04-2024,27-04-2024,04-05-2024,Debit card,499,4
5499,29-06-2023,01-07-2023,06-07-2023,COD,500,1
5500,28-04-2024,03-05-2024,13-05-2024,Net Banking,501,4
5501,13-02-2024,16-02-2024,23-02-2024,Net Banking,502,1
5502,19-12-2023,20-12-2023,25-12-2023,Debit card,503,2
5503,20-05-2023,22-05-2023,02-06-2023,Credit card,504,1
5504,02-12-2023,06-12-2023,17-12-2023,Net Banking,505,1
5505,20-02-2024,21-02-2024,06-03-2024,COD,506,3
5506,26-09-2023,30-09-2023,07-10-2023,COD,507,4
5507,09-03-2024,11-03-2024,14-03-2024,Credit card,508,4
5508,07-04-2024,09-04-2024,14-04-2024,Credit card,509,3
5509,08-05-2024,12-05-2024,16-05-2024,COD,510,1
5510,04-09-2023,06-09-2023,13-09-2023,Credit card,511,3
5511,22-05-2023,23-05-2023,29-05-2023,Net Banking,512,3
5512,29-07-2023,30-07-2023,10-08-2023,Net Banking,513,4
5513,10-12-2023,13-12-2023,21-12-2023,COD,514,1
5514,06-06-2023,08-06-2023,17-06-2023,Net Banking,515,4
5515,01-04-2024,02-04-2024,10-04-2024,COD,516,5
5516,26-07-2023,28-07-2023,05-08-2023,COD,517,3
5517,04-10-2023,09-10-2023,10-10-2023,COD,518,2
5518,16-04-2024,21-04-2024,23-04-2024,COD,519,4
5519,15-10-2023,17-10-2023,29-10-2023,Credit card,520,2
5520,28-02-2024,02-03-2024,14-03-2024,Net Banking,521,3
5521,29-01-2024,31-01-2024,03-02-2024,Debit card,522,2
5522,31-01-2024,03-02-2024,09-02-2024,Credit card,523,3
5523,16-05-2024,20-05-2024,30-05-2024,COD,524,2
5524,14-07-2023,19-07-2023,19-07-2023,COD,525,3
5525,19-01-2024,24-01-2024,24-01-2024,COD,526,1
5526,29-10-2023,01-11-2023,05-11-2023,COD,527,1
5527,25-09-2023,27-09-2023,30-09-2023,Debit card,528,2
5528,20-07-2023,22-07-2023,29-07-2023,Credit card,529,2
5529,05-09-2023,08-09-2023,14-09-2023,Credit card,530,2
5530,16-09-2023,17-09-2023,23-09-2023,COD,531,3
5531,03-09-2023,04-09-2023,09-09-2023,Net Banking,532,2
5532,01-05-2024,04-05-2024,13-05-2024,COD,533,1
5533,16-09-2023,19-09-2023,23-09-2023,Net Banking,534,2
5534,11-08-2023,13-08-2023,26-08-2023,Debit card,535,5
5535,03-02-2024,08-02-2024,16-02-2024,Debit card,536,5
5536,21-08-2023,24-08-2023,28-08-2023,Debit card,537,4
5537,28-07-2023,01-08-2023,03-08-2023,Credit card,538,4
5538,20-09-2023,21-09-2023,05-10-2023,COD,539,2
5539,18-01-2024,21-01-2024,25-01-2024,COD,540,2
5540,09-09-2023,13-09-2023,20-09-2023,Debit card,541,5
5541,14-11-2023,18-11-2023,25-11-2023,COD,542,3
5542,20-07-2023,21-07-2023,26-07-2023,Credit card,543,5
5543,01-03-2024,03-03-2024,12-03-2024,Net Banking,544,1
5544,24-01-2024,26-01-2024,06-02-2024,Debit card,545,2
5545,17-11-2023,21-11-2023,23-11-2023,COD,546,4
5546,17-08-2023,21-08-2023,01-09-2023,Net Banking,547,4
5547,22-01-2024,23-01-2024,30-01-2024,Credit card,548,4
5548,23-11-2023,25-11-2023,28-11-2023,Credit card,549,1
5549,27-01-2024,30-01-2024,10-02-2024,Net Banking,550,5
5550,03-01-2024,08-01-2024,18-01-2024,Credit card,551,3
5551,25-08-2023,27-08-2023,09-09-2023,Credit card,552,2
5552,03-10-2023,04-10-2023,16-10-2023,Debit card,553,2
5553,19-10-2023,23-10-2023,30-10-2023,Credit card,554,5
5554,06-11-2023,08-11-2023,17-11-2023,Debit card,555,2
5555,15-04-2024,17-04-2024,29-04-2024,Net Banking,556,1
5556,10-07-2023,12-07-2023,17-07-2023,COD,557,5
5557,17-03-2024,21-03-2024,26-03-2024,Debit card,558,5
5558,08-12-2023,10-12-2023,21-12-2023,Debit card,559,5
5559,06-06-2023,11-06-2023,19-06-2023,Debit card,560,5
5560,30-09-2023,05-10-2023,05-10-2023,COD,561,3
5561,13-05-2024,17-05-2024,26-05-2024,COD,562,2
5562,26-12-2023,31-12-2023,10-01-2024,COD,563,1
5563,23-08-2023,27-08-2023,28-08-2023,Net Banking,564,3
5564,31-01-2024,01-02-2024,15-02-2024,COD,565,4
5565,25-01-2024,29-01-2024,03-02-2024,Credit card,566,2
5566,14-11-2023,15-11-2023,24-11-2023,Debit card,567,4
5567,20-03-2024,22-03-2024,03-04-2024,Net Banking,568,3
5568,19-11-2023,24-11-2023,27-11-2023,COD,569,3
5569,10-12-2023,13-12-2023,21-12-2023,Debit card,570,5
5570,10-03-2024,14-03-2024,15-03-2024,Credit card,571,2
5571,15-08-2023,17-08-2023,23-08-2023,Net Banking,572,4
5572,31-07-2023,03-08-2023,10-08-2023,Net Banking,573,2
5573,18-09-2023,20-09-2023,27-09-2023,Net Banking,574,2
5574,09-07-2023,11-07-2023,21-07-2023,Debit card,575,2
5575,04-06-2023,07-06-2023,12-06-2023,Net Banking,576,2
5576,28-01-2024,31-01-2024,11-02-2024,Credit card,577,3
5577,27-10-2023,28-10-2023,06-11-2023,Debit card,578,5
5578,20-04-2024,23-04-2024,27-04-2024,Net Banking,579,2
5579,23-01-2024,24-01-2024,29-01-2024,COD,580,1
5580,04-09-2023,05-09-2023,17-09-2023,Credit card,581,1
5581,08-12-2023,12-12-2023,15-12-2023,Debit card,582,3
5582,31-12-2023,01-01-2024,15-01-2024,COD,583,2
5583,25-09-2023,26-09-2023,10-10-2023,Credit card,584,4
5584,10-08-2023,13-08-2023,16-08-2023,Credit card,585,2
5585,26-03-2024,29-03-2024,02-04-2024,COD,586,5
5586,26-12-2023,31-12-2023,02-01-2024,Credit card,587,2
5587,30-06-2023,04-07-2023,10-07-2023,COD,588,2
5588,29-04-2024,01-05-2024,06-05-2024,Net Banking,589,1
5589,11-09-2023,14-09-2023,24-09-2023,Debit card,590,2
5590,27-05-2023,28-05-2023,10-06-2023,COD,591,4
5591,14-11-2023,17-11-2023,19-11-2023,COD,592,3
5592,30-07-2023,03-08-2023,06-08-2023,Net Banking,593,4
5593,13-08-2023,14-08-2023,22-08-2023,COD,594,5
5594,23-02-2024,28-02-2024,09-03-2024,Credit card,595,3
5595,23-05-2023,24-05-2023,06-06-2023,Debit card,596,2
5596,07-01-2024,11-01-2024,21-01-2024,COD,597,5
5597,14-08-2023,16-08-2023,25-08-2023,COD,598,4
5598,30-09-2023,04-10-2023,07-10-2023,COD,599,1
5599,28-11-2023,02-12-2023,13-12-2023,Credit card,600,5
5600,28-01-2024,31-01-2024,04-02-2024,Net Banking,601,3
5601,02-07-2023,05-07-2023,14-07-2023,COD,602,5
5602,19-04-2024,22-04-2024,26-04-2024,COD,603,2
5603,27-09-2023,01-10-2023,06-10-2023,Net Banking,604,3
5604,18-08-2023,19-08-2023,31-08-2023,Net Banking,605,5
5605,23-06-2023,24-06-2023,01-07-2023,Net Banking,606,2
5606,04-09-2023,06-09-2023,11-09-2023,Debit card,607,3
5607,28-10-2023,30-10-2023,07-11-2023,Credit card,608,5
5608,04-03-2024,08-03-2024,09-03-2024,Credit card,609,5
5609,16-10-2023,19-10-2023,28-10-2023,Debit card,610,5
5610,23-12-2023,26-12-2023,28-12-2023,COD,611,3
5611,29-01-2024,30-01-2024,04-02-2024,Net Banking,612,4
5612,23-05-2023,25-05-2023,31-05-2023,Debit card,613,2
5613,21-06-2023,22-06-2023,02-07-2023,Net Banking,614,1
5614,26-07-2023,27-07-2023,08-08-2023,COD,615,1
5615,25-11-2023,26-11-2023,30-11-2023,Debit card,616,3
5616,15-12-2023,20-12-2023,29-12-2023,Net Banking,617,5
5617,24-04-2024,26-04-2024,29-04-2024,Net Banking,618,3
5618,16-01-2024,21-01-2024,28-01-2024,Debit card,619,5
5619,04-03-2024,09-03-2024,13-03-2024,Credit card,620,1
5620,17-08-2023,22-08-2023,29-08-2023,Net Banking,621,2
5621,23-01-2024,24-01-2024,02-02-2024,COD,622,1
5622,10-06-2023,13-06-2023,18-06-2023,Debit card,623,1
5623,22-08-2023,23-08-2023,28-08-2023,Net Banking,624,4
5624,08-06-2023,11-06-2023,13-06-2023,Debit card,625,2
5625,05-01-2024,10-01-2024,16-01-2024,COD,626,2
5626,21-11-2023,23-11-2023,29-11-2023,Credit card,627,2
5627,20-08-2023,23-08-2023,03-09-2023,Credit card,628,2
5628,06-10-2023,07-10-2023,13-10-2023,COD,629,4
5629,24-03-2024,25-03-2024,30-03-2024,COD,630,2
5630,26-05-2023,30-05-2023,31-05-2023,Net Banking,631,2
5631,22-07-2023,24-07-2023,01-08-2023,Net Banking,632,5
5632,16-03-2024,19-03-2024,23-03-2024,Debit card,633,4
5633,05-09-2023,06-09-2023,14-09-2023,Debit card,634,2
5634,18-02-2024,20-02-2024,24-02-2024,Net Banking,635,4
5635,11-05-2024,12-05-2024,18-05-2024,COD,636,1
5636,02-03-2024,04-03-2024,17-03-2024,Credit card,637,5
5637,04-12-2023,07-12-2023,09-12-2023,Credit card,638,3
5638,18-01-2024,23-01-2024,01-02-2024,Credit card,639,2
5639,22-12-2023,26-12-2023,28-12-2023,Net Banking,640,1
5640,03-09-2023,05-09-2023,12-09-2023,COD,641,4
5641,30-12-2023,31-12-2023,10-01-2024,Debit card,642,2
5642,13-12-2023,18-12-2023,25-12-2023,Credit card,643,2
5643,24-02-2024,28-02-2024,29-02-2024,Net Banking,644,4
5644,27-11-2023,01-12-2023,11-12-2023,Debit card,645,2
5645,08-09-2023,12-09-2023,22-09-2023,Debit card,646,4
5646,12-06-2023,14-06-2023,21-06-2023,Debit card,647,1
5647,12-05-2024,15-05-2024,18-05-2024,COD,648,5
5648,25-03-2024,26-03-2024,07-04-2024,Credit card,649,2
5649,14-09-2023,15-09-2023,28-09-2023,Credit card,650,4
5650,04-04-2024,06-04-2024,12-04-2024,Net Banking,651,1
5651,18-10-2023,19-10-2023,28-10-2023,Credit card,652,3
5652,30-11-2023,04-12-2023,07-12-2023,COD,653,2
5653,08-01-2024,09-01-2024,15-01-2024,COD,654,4
5654,16-12-2023,19-12-2023,24-12-2023,COD,655,2
5655,13-12-2023,17-12-2023,19-12-2023,Credit card,656,5
5656,19-07-2023,24-07-2023,27-07-2023,Net Banking,657,3
5657,11-10-2023,15-10-2023,24-10-2023,Debit card,658,5
5658,24-08-2023,28-08-2023,07-09-2023,COD,659,4
5659,16-12-2023,20-12-2023,22-12-2023,Debit card,660,3
5660,16-05-2024,18-05-2024,31-05-2024,Credit card,661,1
5661,06-02-2024,11-02-2024,21-02-2024,COD,662,3
5662,25-10-2023,30-10-2023,04-11-2023,Net Banking,663,2
5663,29-09-2023,30-09-2023,06-10-2023,Net Banking,664,3
5664,07-05-2024,12-05-2024,15-05-2024,Credit card,665,4
5665,18-09-2023,19-09-2023,23-09-2023,Net Banking,666,5
5666,02-02-2024,05-02-2024,14-02-2024,COD,667,4
5667,03-05-2024,05-05-2024,17-05-2024,Net Banking,668,2
5668,23-11-2023,26-11-2023,06-12-2023,Credit card,669,1
5669,20-07-2023,22-07-2023,29-07-2023,Credit card,670,1
5670,04-01-2024,09-01-2024,09-01-2024,Debit card,671,4
5671,28-10-2023,01-11-2023,09-11-2023,Debit card,672,2
5672,01-02-2024,03-02-2024,14-02-2024,Credit card,673,4
5673,25-05-2023,30-05-2023,07-06-2023,COD,674,4
5674,17-03-2024,19-03-2024,29-03-2024,Credit card,675,2
5675,03-02-2024,06-02-2024,12-02-2024,Credit card,676,3
5676,08-10-2023,11-10-2023,18-10-2023,Debit card,677,4
5677,03-08-2023,05-08-2023,08-08-2023,COD,678,5
5678,10-03-2024,12-03-2024,21-03-2024,COD,679,2
5679,06-08-2023,09-08-2023,14-08-2023,Net Banking,680,4
5680,29-04-2024,02-05-2024,11-05-2024,Credit card,681,2
5681,03-07-2023,06-07-2023,11-07-2023,COD,682,2
5682,29-09-2023,01-10-2023,07-10-2023,Credit card,683,4
5683,22-12-2023,27-12-2023,04-01-2024,Net Banking,684,3
5684,09-04-2024,10-04-2024,20-04-2024,Credit card,685,2
5685,03-07-2023,08-07-2023,14-07-2023,Credit card,686,2
5686,15-12-2023,16-12-2023,28-12-2023,Credit card,687,2
5687,17-08-2023,18-08-2023,01-09-2023,Credit card,688,2
5688,10-04-2024,11-04-2024,25-04-2024,Net Banking,689,4
5689,06-06-2023,07-06-2023,11-06-2023,Net Banking,690,3
5690,22-09-2023,27-09-2023,28-09-2023,Debit card,691,3
5691,26-02-2024,27-02-2024,06-03-2024,Net Banking,692,2
5692,15-08-2023,20-08-2023,30-08-2023,Net Banking,693,4
5693,08-06-2023,10-06-2023,13-06-2023,Debit card,694,5
5694,13-11-2023,18-11-2023,25-11-2023,Debit card,695,4
5695,08-11-2023,13-11-2023,18-11-2023,Net Banking,696,4
5696,08-08-2023,11-08-2023,23-08-2023,Net Banking,697,4
5697,29-08-2023,03-09-2023,05-09-2023,Net Banking,698,1
5698,28-08-2023,29-08-2023,05-09-2023,Credit card,699,2
5699,11-07-2023,15-07-2023,23-07-2023,Net Banking,700,2
5700,04-03-2024,08-03-2024,17-03-2024,COD,701,1
5701,13-12-2023,16-12-2023,22-12-2023,COD,702,4
5702,28-11-2023,03-12-2023,09-12-2023,COD,703,5
5703,13-03-2024,18-03-2024,25-03-2024,Credit card,704,2
5704,24-04-2024,29-04-2024,05-05-2024,Debit card,705,1
5705,06-04-2024,08-04-2024,18-04-2024,Credit card,706,5
5706,20-07-2023,22-07-2023,30-07-2023,Credit card,707,2
5707,03-03-2024,04-03-2024,17-03-2024,COD,708,1
5708,09-09-2023,13-09-2023,15-09-2023,COD,709,5
5709,15-01-2024,19-01-2024,25-01-2024,Net Banking,710,5
5710,21-07-2023,26-07-2023,27-07-2023,Net Banking,711,1
5711,18-03-2024,23-03-2024,27-03-2024,Credit card,712,2
5712,03-09-2023,08-09-2023,15-09-2023,COD,713,1
5713,05-06-2023,10-06-2023,12-06-2023,Net Banking,714,4
5714,06-02-2024,11-02-2024,19-02-2024,Debit card,715,3
5715,31-07-2023,05-08-2023,06-08-2023,Net Banking,716,3
5716,20-10-2023,23-10-2023,31-10-2023,Debit card,717,2
5717,23-11-2023,28-11-2023,29-11-2023,Net Banking,718,1
5718,28-02-2024,29-02-2024,06-03-2024,Debit card,719,2
5719,23-12-2023,28-12-2023,31-12-2023,Credit card,720,1
5720,25-02-2024,27-02-2024,04-03-2024,Credit card,721,4
5721,10-07-2023,15-07-2023,24-07-2023,Net Banking,722,1
5722,29-03-2024,31-03-2024,07-04-2024,Debit card,723,3
5723,27-04-2024,28-04-2024,10-05-2024,Debit card,724,5
5724,23-08-2023,27-08-2023,04-09-2023,Credit card,725,4
5725,13-06-2023,17-06-2023,18-06-2023,Net Banking,726,4
5726,16-01-2024,21-01-2024,31-01-2024,Net Banking,727,1
5727,21-05-2023,22-05-2023,29-05-2023,Net Banking,728,3
5728,30-04-2024,02-05-2024,09-05-2024,COD,729,3
5729,21-11-2023,23-11-2023,01-12-2023,Net Banking,730,2
5730,23-03-2024,24-03-2024,06-04-2024,Debit card,731,1
5731,07-08-2023,09-08-2023,12-08-2023,Debit card,732,1
5732,08-01-2024,12-01-2024,17-01-2024,Credit card,733,1
5733,01-05-2024,03-05-2024,11-05-2024,COD,734,1
5734,07-02-2024,12-02-2024,16-02-2024,Net Banking,735,2
5735,15-05-2024,19-05-2024,25-05-2024,COD,736,1
5736,14-01-2024,18-01-2024,29-01-2024,Net Banking,737,5
5737,26-05-2023,29-05-2023,31-05-2023,Credit card,738,1
5738,23-09-2023,25-09-2023,01-10-2023,Debit card,739,2
5739,09-01-2024,14-01-2024,23-01-2024,COD,740,3
5740,17-02-2024,20-02-2024,03-03-2024,Debit card,741,2
5741,10-01-2024,15-01-2024,15-01-2024,Net Banking,742,2
5742,20-03-2024,22-03-2024,27-03-2024,Net Banking,743,4
5743,22-07-2023,24-07-2023,28-07-2023,Credit card,744,5
5744,24-02-2024,29-02-2024,06-03-2024,Net Banking,745,5
5745,30-06-2023,03-07-2023,06-07-2023,Credit card,746,1
5746,13-10-2023,14-10-2023,23-10-2023,Debit card,747,2
5747,17-06-2023,22-06-2023,22-06-2023,Debit card,748,1
5748,16-11-2023,18-11-2023,29-11-2023,Net Banking,749,3
5749,01-09-2023,05-09-2023,11-09-2023,Debit card,750,2
5750,18-01-2024,19-01-2024,30-01-2024,Debit card,751,3
5751,29-03-2024,30-03-2024,13-04-2024,Debit card,752,5
5752,14-06-2023,17-06-2023,27-06-2023,COD,753,3
5753,31-10-2023,05-11-2023,13-11-2023,Net Banking,754,1
5754,17-06-2023,22-06-2023,24-06-2023,Debit card,755,5
5755,10-05-2024,12-05-2024,23-05-2024,Net Banking,756,1
5756,18-11-2023,20-11-2023,30-11-2023,Credit card,757,1
5757,15-07-2023,17-07-2023,28-07-2023,Net Banking,758,5
5758,24-09-2023,25-09-2023,08-10-2023,Credit card,759,2
5759,23-12-2023,26-12-2023,04-01-2024,COD,760,4
5760,08-08-2023,09-08-2023,19-08-2023,Net Banking,761,1
5761,10-04-2024,12-04-2024,16-04-2024,Debit card,762,2
5762,23-08-2023,28-08-2023,03-09-2023,Credit card,763,4
5763,23-04-2024,25-04-2024,03-05-2024,Credit card,764,5
5764,10-04-2024,15-04-2024,20-04-2024,COD,765,4
5765,01-06-2023,04-06-2023,14-06-2023,COD,766,1
5766,17-01-2024,20-01-2024,30-01-2024,COD,767,4
5767,07-12-2023,10-12-2023,17-12-2023,Credit card,768,4
5768,13-05-2024,14-05-2024,24-05-2024,COD,769,5
5769,07-05-2024,09-05-2024,16-05-2024,Net Banking,770,4
5770,30-12-2023,03-01-2024,10-01-2024,Debit card,771,2
5771,03-12-2023,05-12-2023,11-12-2023,COD,772,3
5772,15-07-2023,17-07-2023,24-07-2023,Credit card,773,4
5773,25-02-2024,28-02-2024,07-03-2024,Debit card,774,1
5774,07-06-2023,08-06-2023,22-06-2023,Debit card,775,3
5775,07-01-2024,09-01-2024,20-01-2024,Net Banking,776,3
5776,04-06-2023,06-06-2023,11-06-2023,Debit card,777,1
5777,30-08-2023,02-09-2023,09-09-2023,Credit card,778,4
5778,13-05-2024,14-05-2024,23-05-2024,Net Banking,779,5
5779,21-12-2023,25-12-2023,26-12-2023,Debit card,780,4
5780,24-11-2023,29-11-2023,30-11-2023,COD,781,1
5781,17-05-2024,19-05-2024,24-05-2024,Debit card,782,1
5782,14-05-2024,16-05-2024,21-05-2024,COD,783,2
5783,07-06-2023,09-06-2023,19-06-2023,Credit card,784,1
5784,08-03-2024,12-03-2024,14-03-2024,Credit card,785,1
5785,01-02-2024,04-02-2024,12-02-2024,COD,786,4
5786,05-03-2024,10-03-2024,17-03-2024,COD,787,3
5787,03-04-2024,06-04-2024,17-04-2024,Net Banking,788,1
5788,22-11-2023,27-11-2023,03-12-2023,Debit card,789,5
5789,15-03-2024,18-03-2024,23-03-2024,Credit card,790,4
5790,07-12-2023,10-12-2023,22-12-2023,COD,791,3
5791,06-09-2023,09-09-2023,16-09-2023,Net Banking,792,1
5792,14-11-2023,18-11-2023,20-11-2023,Net Banking,793,2
5793,02-01-2024,07-01-2024,07-01-2024,Debit card,794,5
5794,29-10-2023,01-11-2023,04-11-2023,Credit card,795,4
5795,23-05-2023,26-05-2023,29-05-2023,COD,796,1
5796,13-06-2023,15-06-2023,21-06-2023,COD,797,1
5797,27-03-2024,28-03-2024,01-04-2024,COD,798,5
5798,29-09-2023,03-10-2023,11-10-2023,COD,799,1
5799,31-12-2023,04-01-2024,14-01-2024,Debit card,800,1
5800,30-06-2023,02-07-2023,11-07-2023,COD,801,1
5801,30-08-2023,01-09-2023,10-09-2023,Debit card,802,4
5802,05-04-2024,10-04-2024,19-04-2024,Net Banking,803,1
5803,09-08-2023,13-08-2023,18-08-2023,COD,804,5
5804,02-07-2023,04-07-2023,11-07-2023,Debit card,805,5
5805,01-10-2023,02-10-2023,14-10-2023,COD,806,3
5806,21-10-2023,25-10-2023,26-10-2023,Net Banking,807,3
5807,20-02-2024,24-02-2024,25-02-2024,COD,808,4
5808,26-08-2023,29-08-2023,31-08-2023,Net Banking,809,2
5809,05-12-2023,07-12-2023,10-12-2023,Net Banking,810,3
5810,02-03-2024,07-03-2024,13-03-2024,Credit card,811,5
5811,06-11-2023,11-11-2023,19-11-2023,Credit card,812,5
5812,14-08-2023,18-08-2023,20-08-2023,Debit card,813,3
5813,31-07-2023,05-08-2023,08-08-2023,COD,814,5
5814,05-07-2023,07-07-2023,19-07-2023,Net Banking,815,3
5815,18-09-2023,19-09-2023,27-09-2023,Net Banking,816,5
5816,13-05-2024,16-05-2024,20-05-2024,Debit card,817,1
5817,04-07-2023,07-07-2023,09-07-2023,COD,818,5
5818,11-01-2024,16-01-2024,16-01-2024,Debit card,819,2
5819,08-10-2023,12-10-2023,18-10-2023,Credit card,820,3
5820,09-05-2024,12-05-2024,23-05-2024,Credit card,821,1
5821,30-03-2024,02-04-2024,12-04-2024,COD,822,5
5822,12-07-2023,14-07-2023,22-07-2023,Net Banking,823,3
5823,25-08-2023,28-08-2023,07-09-2023,Credit card,824,2
5824,03-02-2024,04-02-2024,09-02-2024,COD,825,1
5825,06-12-2023,09-12-2023,13-12-2023,Debit card,826,3
5826,17-09-2023,21-09-2023,29-09-2023,Credit card,827,1
5827,13-02-2024,18-02-2024,19-02-2024,Net Banking,828,5
5828,05-08-2023,09-08-2023,13-08-2023,Debit card,829,4
5829,17-04-2024,21-04-2024,29-04-2024,Credit card,830,2
5830,14-11-2023,18-11-2023,23-11-2023,Debit card,831,1
5831,31-05-2023,04-06-2023,10-06-2023,Debit card,832,4
5832,10-09-2023,11-09-2023,23-09-2023,Net Banking,833,5
5833,18-03-2024,20-03-2024,26-03-2024,COD,834,2
5834,28-02-2024,04-03-2024,06-03-2024,COD,835,3
5835,17-04-2024,18-04-2024,27-04-2024,Credit card,836,4
5836,17-05-2024,18-05-2024,25-05-2024,Net Banking,837,5
5837,21-02-2024,22-02-2024,28-02-2024,Credit card,838,4
5838,07-02-2024,08-02-2024,16-02-2024,Credit card,839,2
5839,22-04-2024,27-04-2024,29-04-2024,Debit card,840,5
5840,20-01-2024,21-01-2024,29-01-2024,Net Banking,841,5
5841,21-02-2024,23-02-2024,26-02-2024,Credit card,842,3
5842,02-12-2023,06-12-2023,14-12-2023,Debit card,843,5
5843,30-06-2023,05-07-2023,14-07-2023,COD,844,4
5844,03-11-2023,06-11-2023,13-11-2023,COD,845,4
5845,27-11-2023,02-12-2023,03-12-2023,Debit card,846,1
5846,22-10-2023,23-10-2023,31-10-2023,COD,847,1
5847,22-01-2024,27-01-2024,01-02-2024,COD,848,4
5848,22-04-2024,24-04-2024,06-05-2024,Credit card,849,3
5849,02-12-2023,03-12-2023,13-12-2023,Debit card,850,3
5850,14-09-2023,17-09-2023,27-09-2023,COD,851,5
5851,09-11-2023,10-11-2023,22-11-2023,Net Banking,852,2
5852,30-10-2023,01-11-2023,10-11-2023,Net Banking,853,3
5853,30-11-2023,01-12-2023,15-12-2023,Net Banking,854,1
5854,05-08-2023,07-08-2023,15-08-2023,COD,855,2
5855,31-12-2023,04-01-2024,08-01-2024,Credit card,856,4
5856,17-10-2023,19-10-2023,25-10-2023,Net Banking,857,4
5857,02-01-2024,07-01-2024,17-01-2024,Net Banking,858,5
5858,24-11-2023,28-11-2023,07-12-2023,Credit card,859,2
5859,18-06-2023,20-06-2023,02-07-2023,Debit card,860,2
5860,13-09-2023,16-09-2023,21-09-2023,Credit card,861,3
5861,13-09-2023,16-09-2023,19-09-2023,COD,862,3
5862,07-11-2023,12-11-2023,13-11-2023,Debit card,863,5
5863,02-11-2023,05-11-2023,17-11-2023,Credit card,864,4
5864,30-11-2023,05-12-2023,09-12-2023,COD,865,1
5865,19-04-2024,23-04-2024,28-04-2024,Net Banking,866,4
5866,26-10-2023,27-10-2023,05-11-2023,Credit card,867,3
5867,22-05-2023,24-05-2023,05-06-2023,Net Banking,868,1
5868,30-10-2023,31-10-2023,06-11-2023,Debit card,869,2
5869,01-05-2024,05-05-2024,15-05-2024,COD,870,1
5870,24-02-2024,26-02-2024,02-03-2024,Credit card,871,4
5871,23-01-2024,24-01-2024,05-02-2024,Net Banking,872,1
5872,29-12-2023,03-01-2024,07-01-2024,Credit card,873,4
5873,13-04-2024,14-04-2024,24-04-2024,COD,874,3
5874,21-09-2023,22-09-2023,29-09-2023,Credit card,875,5
5875,12-07-2023,17-07-2023,27-07-2023,Debit card,876,2
5876,26-06-2023,01-07-2023,06-07-2023,Debit card,877,5
5877,15-10-2023,20-10-2023,20-10-2023,Credit card,878,1
5878,11-05-2024,14-05-2024,18-05-2024,COD,879,2
5879,15-07-2023,19-07-2023,30-07-2023,Debit card,880,1
5880,18-07-2023,20-07-2023,30-07-2023,Debit card,881,5
5881,06-05-2024,11-05-2024,21-05-2024,Credit card,882,5
5882,23-05-2023,26-05-2023,07-06-2023,Net Banking,883,1
5883,29-05-2023,31-05-2023,08-06-2023,Credit card,884,2
5884,05-03-2024,08-03-2024,13-03-2024,COD,885,3
5885,29-08-2023,01-09-2023,08-09-2023,Debit card,886,1
5886,29-08-2023,01-09-2023,12-09-2023,Credit card,887,2
5887,05-02-2024,10-02-2024,19-02-2024,Debit card,888,1
5888,06-07-2023,10-07-2023,14-07-2023,Debit card,889,4
5889,29-08-2023,02-09-2023,10-09-2023,Debit card,890,1
5890,09-07-2023,10-07-2023,21-07-2023,Credit card,891,1
5891,23-09-2023,26-09-2023,28-09-2023,Debit card,892,3
5892,16-01-2024,20-01-2024,30-01-2024,Net Banking,893,1
5893,11-06-2023,15-06-2023,22-06-2023,Debit card,894,3
5894,07-08-2023,10-08-2023,22-08-2023,Debit card,895,4
5895,08-07-2023,09-07-2023,15-07-2023,Net Banking,896,5
5896,24-05-2023,26-05-2023,06-06-2023,Credit card,897,2
5897,07-04-2024,08-04-2024,19-04-2024,Debit card,898,5
5898,13-07-2023,15-07-2023,19-07-2023,COD,899,3
5899,18-11-2023,20-11-2023,26-11-2023,Net Banking,900,5
5900,21-01-2024,23-01-2024,27-01-2024,Net Banking,901,3
5901,02-03-2024,06-03-2024,11-03-2024,Debit card,902,4
5902,16-08-2023,17-08-2023,30-08-2023,Credit card,903,5
5903,26-03-2024,28-03-2024,01-04-2024,Net Banking,904,2
5904,10-01-2024,13-01-2024,17-01-2024,Credit card,905,1
5905,24-02-2024,28-02-2024,01-03-2024,Debit card,906,3
5906,17-02-2024,21-02-2024,25-02-2024,Credit card,907,2
5907,02-07-2023,05-07-2023,15-07-2023,Debit card,908,2
5908,22-12-2023,24-12-2023,04-01-2024,Net Banking,909,5
5909,01-05-2024,05-05-2024,15-05-2024,COD,910,1
5910,02-01-2024,04-01-2024,15-01-2024,Debit card,911,4
5911,31-08-2023,03-09-2023,14-09-2023,COD,912,5
5912,22-04-2024,27-04-2024,02-05-2024,Debit card,913,5
5913,21-06-2023,23-06-2023,03-07-2023,Credit card,914,1
5914,10-05-2024,11-05-2024,16-05-2024,Debit card,915,4
5915,07-04-2024,11-04-2024,13-04-2024,Net Banking,916,1
5916,10-09-2023,15-09-2023,19-09-2023,COD,917,5
5917,20-03-2024,21-03-2024,25-03-2024,Credit card,918,2
5918,24-12-2023,25-12-2023,06-01-2024,Credit card,919,4
5919,18-06-2023,20-06-2023,03-07-2023,Debit card,920,4
5920,09-01-2024,14-01-2024,14-01-2024,Net Banking,921,3
5921,23-07-2023,25-07-2023,03-08-2023,Net Banking,922,4
5922,24-01-2024,26-01-2024,02-02-2024,Debit card,923,4
5923,10-01-2024,11-01-2024,19-01-2024,COD,924,5
5924,03-12-2023,04-12-2023,09-12-2023,Credit card,925,2
5925,26-02-2024,27-02-2024,11-03-2024,Debit card,926,5
5926,23-12-2023,25-12-2023,06-01-2024,Debit card,927,3
5927,18-06-2023,22-06-2023,26-06-2023,Credit card,928,1
5928,02-10-2023,04-10-2023,16-10-2023,Net Banking,929,2
5929,01-01-2024,04-01-2024,10-01-2024,Debit card,930,1
5930,06-07-2023,09-07-2023,15-07-2023,Credit card,931,5
5931,16-03-2024,17-03-2024,26-03-2024,COD,932,4
5932,03-06-2023,07-06-2023,15-06-2023,Net Banking,933,3
5933,16-05-2024,19-05-2024,24-05-2024,Net Banking,934,4
5934,14-05-2024,16-05-2024,29-05-2024,Debit card,935,4
5935,07-02-2024,10-02-2024,21-02-2024,Credit card,936,3
5936,04-08-2023,09-08-2023,19-08-2023,Net Banking,937,5
5937,27-11-2023,02-12-2023,03-12-2023,Debit card,938,4
5938,19-01-2024,23-01-2024,02-02-2024,Net Banking,939,4
5939,27-07-2023,31-07-2023,04-08-2023,Credit card,940,4
5940,10-08-2023,15-08-2023,19-08-2023,Debit card,941,3
5941,22-05-2023,23-05-2023,03-06-2023,Net Banking,942,1
5942,07-10-2023,08-10-2023,22-10-2023,COD,943,3
5943,30-09-2023,04-10-2023,12-10-2023,COD,944,1
5944,28-04-2024,02-05-2024,10-05-2024,Credit card,945,4
5945,27-10-2023,31-10-2023,02-11-2023,Credit card,946,1
5946,11-03-2024,13-03-2024,22-03-2024,Net Banking,947,5
5947,24-08-2023,27-08-2023,04-09-2023,COD,948,2
5948,06-04-2024,11-04-2024,13-04-2024,Net Banking,949,1
5949,18-02-2024,20-02-2024,27-02-2024,Net Banking,950,2
5950,21-05-2023,25-05-2023,31-05-2023,COD,951,1
5951,06-10-2023,09-10-2023,11-10-2023,Net Banking,952,5
5952,22-11-2023,25-11-2023,06-12-2023,Net Banking,953,2
5953,01-06-2023,06-06-2023,15-06-2023,COD,954,5
5954,30-04-2024,04-05-2024,14-05-2024,Credit card,955,4
5955,30-12-2023,01-01-2024,11-01-2024,COD,956,1
5956,07-01-2024,11-01-2024,16-01-2024,Net Banking,957,3
5957,04-04-2024,05-04-2024,18-04-2024,COD,958,5
5958,29-06-2023,03-07-2023,06-07-2023,Net Banking,959,2
5959,13-01-2024,18-01-2024,23-01-2024,Debit card,960,5
5960,19-08-2023,22-08-2023,29-08-2023,COD,961,4
5961,15-09-2023,16-09-2023,27-09-2023,Debit card,962,3
5962,08-11-2023,11-11-2023,22-11-2023,Debit card,963,4
5963,08-06-2023,11-06-2023,19-06-2023,Net Banking,964,5
5964,19-02-2024,20-02-2024,01-03-2024,Credit card,965,4
5965,30-04-2024,04-05-2024,15-05-2024,Credit card,966,3
5966,26-10-2023,28-10-2023,04-11-2023,Credit card,967,3
5967,01-04-2024,03-04-2024,10-04-2024,Credit card,968,2
5968,18-12-2023,19-12-2023,23-12-2023,Net Banking,969,4
5969,09-07-2023,14-07-2023,15-07-2023,Debit card,970,3
5970,30-08-2023,02-09-2023,14-09-2023,Credit card,971,5
5971,26-01-2024,28-01-2024,07-02-2024,Credit card,972,5
5972,21-03-2024,26-03-2024,02-04-2024,COD,973,1
5973,29-03-2024,03-04-2024,04-04-2024,Net Banking,974,2
5974,17-06-2023,20-06-2023,28-06-2023,Debit card,975,1
5975,14-04-2024,16-04-2024,24-04-2024,Debit card,976,1
5976,01-03-2024,03-03-2024,11-03-2024,COD,977,5
5977,11-06-2023,16-06-2023,17-06-2023,Debit card,978,1
5978,21-12-2023,25-12-2023,29-12-2023,Net Banking,979,1
5979,11-07-2023,16-07-2023,19-07-2023,Net Banking,980,5
5980,22-08-2023,26-08-2023,06-09-2023,Net Banking,981,2
5981,02-07-2023,07-07-2023,13-07-2023,COD,982,2
5982,15-02-2024,19-02-2024,29-02-2024,Credit card,983,3
5983,05-08-2023,09-08-2023,16-08-2023,COD,984,3
5984,03-02-2024,08-02-2024,10-02-2024,Debit card,985,1
5985,16-10-2023,21-10-2023,23-10-2023,Credit card,986,3
5986,08-09-2023,13-09-2023,22-09-2023,Debit card,987,1
5987,06-05-2024,08-05-2024,13-05-2024,Net Banking,988,1
5988,06-12-2023,07-12-2023,11-12-2023,Credit card,989,3
5989,21-05-2023,24-05-2023,31-05-2023,Credit card,990,3
5990,28-12-2023,01-01-2024,09-01-2024,Credit card,991,4
5991,26-05-2023,30-05-2023,04-06-2023,Credit card,992,4
5992,05-01-2024,07-01-2024,19-01-2024,Net Banking,993,2
5993,27-08-2023,30-08-2023,09-09-2023,COD,994,3
5994,17-12-2023,18-12-2023,25-12-2023,Net Banking,995,5
5995,08-12-2023,10-12-2023,22-12-2023,Net Banking,996,1
5996,19-11-2023,22-11-2023,30-11-2023,Debit card,997,4
5997,02-07-2023,04-07-2023,16-07-2023,Credit card,998,1
5998,29-09-2023,01-10-2023,08-10-2023,COD,999,5
5999,14-03-2024,19-03-2024,19-03-2024,Net Banking,1000,5
